Name,num_following
kyragoudreau,301
alexandracooper,40
KelseyKreppel,497
MeghanMcCain,581
KillaRed6134Ent,229
anugov1,150
gabby_demarco,312
4FagsAndACamera,172
kendraaaleighh,440
NancyNASA2,59
jamescharles,2023
ya_producer,117
wakaflokkashane,542
D_Kauf11,18704
viccislit,37472
sabs0ul,176
zgreisen,161
UsTheDuo,6121
jordynwoods,999
SheRatesDogs,22
JazlynWestbrook,691
antoniiogarza21,336
mtygaaa,282
TeaBizzle,454
ilovesmokingmid,878
_Youngsoph,313
CrystallGiraffe,64
elonmusk,84
SHAQ,695
BrotherNature,599
abbygov,868
emrata,271
cassidyjune6,216
ODUbarstool,361
valeriakurbina,162
novasnek,1621
savcostanza,600
HeatherSteph_,91
RollingPlaness,40147
ginadivittorio,696
holy_schnitt,606
MichaelaOkla,183
luna_leia_,998
sudoprincessss,12867
carlibybel,3600
sabrinalayne_,719
natshaw__,64
Rea_Foster,407
nickhansonMN,65537
averytutt,268
laurenstraka,546
BriMTelle,288
Brynnnnnie,840
_alyssaaamorris,1710
marinahane,805
taylor_wardlaw,583
Loganmartin395,389
AcerraLauren,360
Melanie_lebeda,302
brirosecabon,698
alexr_xx,568
adddisonc,331
xo_felisha,459
brooke_fiegel,394
Madii_callahan,392
qtrachel16,349
pa1gey_,484
abbiii_ryan,376
Deshawnny7,1522
meggoozz,2762
devonnefox,1511
AlexisRenG,25
CheyanneTaylor7,334
cammipham,194288
cheyb5,194
CodyJinksMusic,367
bmarcum31,1153
SmthnglikeKites,68677
missgypsyone,213
mackenzieprobz,758
6LACK,1022
_hennnnnn,686
PostMalone,2900
tanskiingoddezz,296
kylienicoleee,396
madiberrrnard,157
SharedMotivati1,44727
rudy_mustang,999
heathervliet,655
curti_watkins61,781
WhitneyWren1,557
MykaStauffer,216
VancityReynolds,853
DianaFaithM,478
IG_bybrookelle,854
ashlyn_harrell,341
BestCoast,1012
ellisonbarber,330
jacyjordan,418
Boy__burger,324
thecollinjenney,280
poq_lax52,242
GarretHall14,98
whitneyniicolee,279
jtw4n,297
meredithmgm,198
MKReda3,125
tylerdialmusic,4911
womenwhowait,3760
ChandlerColeMMA,3127
justincoberly,196
footballer5424,641
illrxy,6081
pipesmalone,293
SavannahSoutas,66
NASASocial,14009
NASA_Langley,237
guymoorman,42
tnaabsher,43
Michael97661059,331
chelseaoakley19,145
pumpkiim,297
ktlydri,360
ChantelBreeze,683
heyhihermiehere,130
Cat_Meowww,211
Hmullins_RN,318
K_trent_,301
thelightning89,4382
l_cappp,398
chrissyteigen,5135
beefsteakjake,57
kasshole_,0
AngelaArakelian,4441
lunndyy,96
heloveskaydoe,3
shupebadoop,218
BrianneAtwood,389
gottemmm,1630
DempsCee,106
_bxlo,171
cam_rouse,14
HannahMay_97,378
maddie_stallard,306
_beejayy13,380
kaylins97,333
Kenn_410,713
_tand18,226
sydsterr,986
JasonWood08,188
davothomas13,345
POQuinn11,636
TYounger7,1009
ChanRouse,283
peter_nauss,359
nancymcbrideh,3
danielhholloway,6
j_mfantasticzz,1676
ClayAdkins1,259
emilynester98,1167
lbb21,0
TonaAJ,257
KierstenForrest,481
BullislandBorn,95
JaredSwaggles,9
love_redheads,118
PoquosonYL,221
poqstudentsect,146
bulls_15,68
maxxx1212,263
thecommontori,508
ltsmyIife,16215
BrooklynsDodger,35812
Sayings4chicks,24055
HealthFoodPage,12149
FaisonnickNick,83
lmJustHonest,10324
TeamDustinLynch,2733
7thnugent,243
Dustin__Holland,1222
braelynbacon,57
isabellahollo12,33
Stephie_horner,253
crousety33,132
Kate_Twilley,306
savagemarrr,355
snipeshit,4307
BaconBraelyn,33
matthewlowery64,245
Laxing22,400
NullAustin,323
SeidnitzerAlex,1231
YoungFreezyBby,183
ambernicole3232,1318
AdamsKooper,229
georgetrice97,279
T_McFadden3,778
Daniel_Lohman,984
costulis,269
deckard_justin,105
kendal_earley,480
MaddieBaker8,344
RachelCliborne,840
Biggens97,272
MarissaTroe1,457
oliviamcross,473
Spankatron32,430
stephengreen_3,385
mreese_3,329
Chrisdun_82,318
YouWontChaseMe,1852
kayli_nguyen,393
BanduraMichaelR,432
zwright123,415
JacobWoronuik,531
BLewtron,617
_Caroliiinaa_,371
jgillespie525,376
Notoriouss_Bird,201
trichyy,704
wiilyum,545
AdamDickinson23,148
Harleigh_Nicole,397
RyanGBangz,406
kayyjoe,230
sethsher,3417
aaron_daugherty,571
Graham_DeGroft,1565
rickybobbyboon,273
Amberleighann17,1490
Drewwatkins21,369
Jmauld757,298
ChaseFrielings,120
JAYFromThePack,0
Sonny80ofyork,290
jake_krieger,0
black_ashleyn,527
SamanthaMora15,388
Loganatorres,870
_JH96,36832
Mitchiecooper,740
shann_nicole5,209
carolieTHG,70
A_Lam8,42
Hunter_M_20,772
4estfairy,2877
BryceBurgner,238
cliff_hanger3,244
ahhchamp,813
stephen1378,125
GavinTasillo757,88
unconstrained_,0
destiny_dudley1,997
helena_rodgers,201
RandyHarris438,255
brandonramire28,369
bennettkeene,99
BigJ_99,646
thomascrager,8320
rustywilson211,635
brandonlove06,69
JohnBritt16,1248
Emawee97,387
taytay4496,224
xoxo_johnnie,806
KiptonForrest,156
stilt93,35
am_guy13,570
NickDylanHames,280
taylorfmclain,393
Mandaaakayyy,361
Kwissypooh18,428
Katie_Mariee8,278
